{"loss": [0.7488314509391785, 0.8329647779464722], "accuracy": [0.6220885515213013, 0.5663101673126221], "val_loss": [1.0611737966537476, 1.0245758295059204], "val_accuracy": [0.8194674253463745, 0.8194674253463745], "lr": [0.0005000000237487257, 0.0005000000237487257]}